name,y,x,class,mpwidths,sdpwidths,mtwidths,sdtwidths,sdrslopes,cvrheights,cvpheights
image13_training.jpg.vx,378,337,,15.379311,5.65328,1.172414,0.460057,90.507263,0.377682,0.353802
image13_training.jpg.vx,533,224,,19.766666,4.063524,1.833333,1.002774,1.160819,0.274456,0.20992
image14_training.jpg.vx,359,944,,10,4.734624,1.041667,0.199826,1.114924,0.636725,0.463177
